category,icon_id,name_ko,usage,png_ink,png_ivory,png_white,png_color
Skills,breaker,Breaker,Breaker로 입힌 피해량,PNG/Settlement/Skills/ink/breaker.png,PNG/Settlement/Skills/ivory/breaker.png,PNG/Settlement/Skills/white/breaker.png,PNG/Settlement/Skills/color/breaker.png
Skills,piercing_laser,관통 레이저,레이저로 입힌 피해량,PNG/Settlement/Skills/ink/piercing_laser.png,PNG/Settlement/Skills/ivory/piercing_laser.png,PNG/Settlement/Skills/white/piercing_laser.png,PNG/Settlement/Skills/color/piercing_laser.png
Effects,chain_lightning,연쇄 전기,사망 효과 등 연쇄 전기 피해; 집계 소스가 있을 때 사용,PNG/Settlement/Effects/ink/chain_lightning.png,PNG/Settlement/Effects/ivory/chain_lightning.png,PNG/Settlement/Effects/white/chain_lightning.png,PNG/Settlement/Effects/color/chain_lightning.png
Effects,explosion,원형 폭발,사망 효과 등 폭발 피해; 집계 소스가 있을 때 사용,PNG/Settlement/Effects/ink/explosion.png,PNG/Settlement/Effects/ivory/explosion.png,PNG/Settlement/Effects/white/explosion.png,PNG/Settlement/Effects/color/explosion.png
Enemies,asteroid,소행성,소행성 처치 수,PNG/Settlement/Enemies/ink/asteroid.png,PNG/Settlement/Enemies/ivory/asteroid.png,PNG/Settlement/Enemies/white/asteroid.png,PNG/Settlement/Enemies/color/asteroid.png
Enemies,golden_asteroid,황금 소행성,황금 소행성 처치 수; 일반 소행성 집계와 중복 방지,PNG/Settlement/Enemies/ink/golden_asteroid.png,PNG/Settlement/Enemies/ivory/golden_asteroid.png,PNG/Settlement/Enemies/white/golden_asteroid.png,PNG/Settlement/Enemies/color/golden_asteroid.png
Enemies,electric_asteroid,전기 소행성,전기 소행성 처치 수,PNG/Settlement/Enemies/ink/electric_asteroid.png,PNG/Settlement/Enemies/ivory/electric_asteroid.png,PNG/Settlement/Enemies/white/electric_asteroid.png,PNG/Settlement/Enemies/color/electric_asteroid.png
Enemies,moon,위성,위성 처치 수,PNG/Settlement/Enemies/ink/moon.png,PNG/Settlement/Enemies/ivory/moon.png,PNG/Settlement/Enemies/white/moon.png,PNG/Settlement/Enemies/color/moon.png
Enemies,planet,행성,행성 처치 수,PNG/Settlement/Enemies/ink/planet.png,PNG/Settlement/Enemies/ivory/planet.png,PNG/Settlement/Enemies/white/planet.png,PNG/Settlement/Enemies/color/planet.png
Enemies,star,항성,항성 처치 수,PNG/Settlement/Enemies/ink/star.png,PNG/Settlement/Enemies/ivory/star.png,PNG/Settlement/Enemies/white/star.png,PNG/Settlement/Enemies/color/star.png
Enemies,comet,혜성,혜성 처치 수,PNG/Settlement/Enemies/ink/comet.png,PNG/Settlement/Enemies/ivory/comet.png,PNG/Settlement/Enemies/white/comet.png,PNG/Settlement/Enemies/color/comet.png
Enemies,supernova,초신성,초신성 처치 수,PNG/Settlement/Enemies/ink/supernova.png,PNG/Settlement/Enemies/ivory/supernova.png,PNG/Settlement/Enemies/white/supernova.png,PNG/Settlement/Enemies/color/supernova.png
Metrics,total_damage,총 피해량,전체 피해량 헤더,PNG/Settlement/Metrics/ink/total_damage.png,PNG/Settlement/Metrics/ivory/total_damage.png,PNG/Settlement/Metrics/white/total_damage.png,PNG/Settlement/Metrics/color/total_damage.png
Metrics,destroyed_count,파괴 수,파괴 수 헤더; 균열로 갈라진 천체,PNG/Settlement/Metrics/ink/destroyed_count.png,PNG/Settlement/Metrics/ivory/destroyed_count.png,PNG/Settlement/Metrics/white/destroyed_count.png,PNG/Settlement/Metrics/color/destroyed_count.png
Metrics,gold,획득 골드,획득 골드,PNG/Settlement/Metrics/ink/gold.png,PNG/Settlement/Metrics/ivory/gold.png,PNG/Settlement/Metrics/white/gold.png,PNG/Settlement/Metrics/color/gold.png
Metrics,experience,획득 경험치,획득 경험치,PNG/Settlement/Metrics/ink/experience.png,PNG/Settlement/Metrics/ivory/experience.png,PNG/Settlement/Metrics/white/experience.png,PNG/Settlement/Metrics/color/experience.png
Metrics,duration,전투 시간,경과 시간 또는 전투 시간,PNG/Settlement/Metrics/ink/duration.png,PNG/Settlement/Metrics/ivory/duration.png,PNG/Settlement/Metrics/white/duration.png,PNG/Settlement/Metrics/color/duration.png
Metrics,growth_time,레벨업 추가 시간,레벨업으로 얻은 추가 시간,PNG/Settlement/Metrics/ink/growth_time.png,PNG/Settlement/Metrics/ivory/growth_time.png,PNG/Settlement/Metrics/white/growth_time.png,PNG/Settlement/Metrics/color/growth_time.png
Metrics,critical_hits,치명타 횟수,치명타 횟수,PNG/Settlement/Metrics/ink/critical_hits.png,PNG/Settlement/Metrics/ivory/critical_hits.png,PNG/Settlement/Metrics/white/critical_hits.png,PNG/Settlement/Metrics/color/critical_hits.png
Metrics,hit_count,명중 횟수,명중 횟수,PNG/Settlement/Metrics/ink/hit_count.png,PNG/Settlement/Metrics/ivory/hit_count.png,PNG/Settlement/Metrics/white/hit_count.png,PNG/Settlement/Metrics/color/hit_count.png
Metrics,skill_activations,스킬 발동 수,스킬 발동 횟수,PNG/Settlement/Metrics/ink/skill_activations.png,PNG/Settlement/Metrics/ivory/skill_activations.png,PNG/Settlement/Metrics/white/skill_activations.png,PNG/Settlement/Metrics/color/skill_activations.png
Metrics,growth_level,도달 성장 단계,도달 성장 단계,PNG/Settlement/Metrics/ink/growth_level.png,PNG/Settlement/Metrics/ivory/growth_level.png,PNG/Settlement/Metrics/white/growth_level.png,PNG/Settlement/Metrics/color/growth_level.png
