stat,name_ko,visual_meaning,icon,available,hover,purchased,locked
breaker.damage,Breaker 피해,공격 원 + 충격,PNG/Stats/Icons/ink/breaker.damage.png,PNG/Stats/Nodes/breaker.damage__available.png,PNG/Stats/Nodes/breaker.damage__hover.png,PNG/Stats/Nodes/breaker.damage__purchased.png,PNG/Stats/Nodes/breaker.damage__locked.png
breaker.speed,Breaker 공격 속도,공격 원 + 이중 화살표,PNG/Stats/Icons/ink/breaker.speed.png,PNG/Stats/Nodes/breaker.speed__available.png,PNG/Stats/Nodes/breaker.speed__hover.png,PNG/Stats/Nodes/breaker.speed__purchased.png,PNG/Stats/Nodes/breaker.speed__locked.png
breaker.radius,Breaker 공격 반경,공격 원 + 사방 확장,PNG/Stats/Icons/ink/breaker.radius.png,PNG/Stats/Nodes/breaker.radius__available.png,PNG/Stats/Nodes/breaker.radius__hover.png,PNG/Stats/Nodes/breaker.radius__purchased.png,PNG/Stats/Nodes/breaker.radius__locked.png
breaker.crit-chance,Breaker 치명타 확률,충격 + 확률,PNG/Stats/Icons/ink/breaker.crit-chance.png,PNG/Stats/Nodes/breaker.crit-chance__available.png,PNG/Stats/Nodes/breaker.crit-chance__hover.png,PNG/Stats/Nodes/breaker.crit-chance__purchased.png,PNG/Stats/Nodes/breaker.crit-chance__locked.png
breaker.crit-multiplier,Breaker 치명타 배율,충격 + 곱하기,PNG/Stats/Icons/ink/breaker.crit-multiplier.png,PNG/Stats/Nodes/breaker.crit-multiplier__available.png,PNG/Stats/Nodes/breaker.crit-multiplier__hover.png,PNG/Stats/Nodes/breaker.crit-multiplier__purchased.png,PNG/Stats/Nodes/breaker.crit-multiplier__locked.png
hq.growth-time,레벨업 추가 시간,모래시계 + 상승 계단·더하기,PNG/Stats/Icons/ink/hq.growth-time.png,PNG/Stats/Nodes/hq.growth-time__available.png,PNG/Stats/Nodes/hq.growth-time__hover.png,PNG/Stats/Nodes/hq.growth-time__purchased.png,PNG/Stats/Nodes/hq.growth-time__locked.png
enemy.asteroid.mass-level,소행성 질량 단계,소행성 + 높아지는 막대,PNG/Stats/Icons/ink/enemy.asteroid.mass-level.png,PNG/Stats/Nodes/enemy.asteroid.mass-level__available.png,PNG/Stats/Nodes/enemy.asteroid.mass-level__hover.png,PNG/Stats/Nodes/enemy.asteroid.mass-level__purchased.png,PNG/Stats/Nodes/enemy.asteroid.mass-level__locked.png
enemy.asteroid.golden-ratio,소행성 황금 등장 비율,소행성 + 마름모·퍼센트,PNG/Stats/Icons/ink/enemy.asteroid.golden-ratio.png,PNG/Stats/Nodes/enemy.asteroid.golden-ratio__available.png,PNG/Stats/Nodes/enemy.asteroid.golden-ratio__hover.png,PNG/Stats/Nodes/enemy.asteroid.golden-ratio__purchased.png,PNG/Stats/Nodes/enemy.asteroid.golden-ratio__locked.png
enemy.asteroid.golden-multiplier,소행성 황금 보상 배율,소행성 + 마름모·곱하기,PNG/Stats/Icons/ink/enemy.asteroid.golden-multiplier.png,PNG/Stats/Nodes/enemy.asteroid.golden-multiplier__available.png,PNG/Stats/Nodes/enemy.asteroid.golden-multiplier__hover.png,PNG/Stats/Nodes/enemy.asteroid.golden-multiplier__purchased.png,PNG/Stats/Nodes/enemy.asteroid.golden-multiplier__locked.png
enemy.asteroid.start-supply,소행성 시작 공급,소행성 + 출발선·진입 화살표·더하기,PNG/Stats/Icons/ink/enemy.asteroid.start-supply.png,PNG/Stats/Nodes/enemy.asteroid.start-supply__available.png,PNG/Stats/Nodes/enemy.asteroid.start-supply__hover.png,PNG/Stats/Nodes/enemy.asteroid.start-supply__purchased.png,PNG/Stats/Nodes/enemy.asteroid.start-supply__locked.png
enemy.asteroid.growth-supply,소행성 레벨업 공급,소행성 + 상승 계단·더하기,PNG/Stats/Icons/ink/enemy.asteroid.growth-supply.png,PNG/Stats/Nodes/enemy.asteroid.growth-supply__available.png,PNG/Stats/Nodes/enemy.asteroid.growth-supply__hover.png,PNG/Stats/Nodes/enemy.asteroid.growth-supply__purchased.png,PNG/Stats/Nodes/enemy.asteroid.growth-supply__locked.png
enemy.asteroid.upgrade,소행성 → 행성,왼쪽 원본 → 오른쪽 변환 대상,PNG/Stats/Icons/ink/enemy.asteroid.upgrade.png,PNG/Stats/Nodes/enemy.asteroid.upgrade__available.png,PNG/Stats/Nodes/enemy.asteroid.upgrade__hover.png,PNG/Stats/Nodes/enemy.asteroid.upgrade__purchased.png,PNG/Stats/Nodes/enemy.asteroid.upgrade__locked.png
enemy.asteroid.size-level,소행성 크기 등급,소행성 + 대각선 확장,PNG/Stats/Icons/ink/enemy.asteroid.size-level.png,PNG/Stats/Nodes/enemy.asteroid.size-level__available.png,PNG/Stats/Nodes/enemy.asteroid.size-level__hover.png,PNG/Stats/Nodes/enemy.asteroid.size-level__purchased.png,PNG/Stats/Nodes/enemy.asteroid.size-level__locked.png
enemy.moon.mass-level,위성 질량 단계,위성 + 높아지는 막대,PNG/Stats/Icons/ink/enemy.moon.mass-level.png,PNG/Stats/Nodes/enemy.moon.mass-level__available.png,PNG/Stats/Nodes/enemy.moon.mass-level__hover.png,PNG/Stats/Nodes/enemy.moon.mass-level__purchased.png,PNG/Stats/Nodes/enemy.moon.mass-level__locked.png
enemy.moon.start-supply,위성 시작 공급,위성 + 출발선·진입 화살표·더하기,PNG/Stats/Icons/ink/enemy.moon.start-supply.png,PNG/Stats/Nodes/enemy.moon.start-supply__available.png,PNG/Stats/Nodes/enemy.moon.start-supply__hover.png,PNG/Stats/Nodes/enemy.moon.start-supply__purchased.png,PNG/Stats/Nodes/enemy.moon.start-supply__locked.png
enemy.moon.growth-supply,위성 레벨업 공급,위성 + 상승 계단·더하기,PNG/Stats/Icons/ink/enemy.moon.growth-supply.png,PNG/Stats/Nodes/enemy.moon.growth-supply__available.png,PNG/Stats/Nodes/enemy.moon.growth-supply__hover.png,PNG/Stats/Nodes/enemy.moon.growth-supply__purchased.png,PNG/Stats/Nodes/enemy.moon.growth-supply__locked.png
enemy.moon.chance,위성 등장 확률,위성 + 퍼센트,PNG/Stats/Icons/ink/enemy.moon.chance.png,PNG/Stats/Nodes/enemy.moon.chance__available.png,PNG/Stats/Nodes/enemy.moon.chance__hover.png,PNG/Stats/Nodes/enemy.moon.chance__purchased.png,PNG/Stats/Nodes/enemy.moon.chance__locked.png
enemy.planet.mass-level,행성 질량 단계,행성 + 높아지는 막대,PNG/Stats/Icons/ink/enemy.planet.mass-level.png,PNG/Stats/Nodes/enemy.planet.mass-level__available.png,PNG/Stats/Nodes/enemy.planet.mass-level__hover.png,PNG/Stats/Nodes/enemy.planet.mass-level__purchased.png,PNG/Stats/Nodes/enemy.planet.mass-level__locked.png
enemy.planet.start-supply,행성 시작 공급,행성 + 출발선·진입 화살표·더하기,PNG/Stats/Icons/ink/enemy.planet.start-supply.png,PNG/Stats/Nodes/enemy.planet.start-supply__available.png,PNG/Stats/Nodes/enemy.planet.start-supply__hover.png,PNG/Stats/Nodes/enemy.planet.start-supply__purchased.png,PNG/Stats/Nodes/enemy.planet.start-supply__locked.png
enemy.planet.growth-supply,행성 레벨업 공급,행성 + 상승 계단·더하기,PNG/Stats/Icons/ink/enemy.planet.growth-supply.png,PNG/Stats/Nodes/enemy.planet.growth-supply__available.png,PNG/Stats/Nodes/enemy.planet.growth-supply__hover.png,PNG/Stats/Nodes/enemy.planet.growth-supply__purchased.png,PNG/Stats/Nodes/enemy.planet.growth-supply__locked.png
enemy.planet.upgrade,행성 → 항성,왼쪽 원본 → 오른쪽 변환 대상,PNG/Stats/Icons/ink/enemy.planet.upgrade.png,PNG/Stats/Nodes/enemy.planet.upgrade__available.png,PNG/Stats/Nodes/enemy.planet.upgrade__hover.png,PNG/Stats/Nodes/enemy.planet.upgrade__purchased.png,PNG/Stats/Nodes/enemy.planet.upgrade__locked.png
enemy.star.mass-level,항성 질량 단계,항성 + 높아지는 막대,PNG/Stats/Icons/ink/enemy.star.mass-level.png,PNG/Stats/Nodes/enemy.star.mass-level__available.png,PNG/Stats/Nodes/enemy.star.mass-level__hover.png,PNG/Stats/Nodes/enemy.star.mass-level__purchased.png,PNG/Stats/Nodes/enemy.star.mass-level__locked.png
enemy.star.start-supply,항성 시작 공급,항성 + 출발선·진입 화살표·더하기,PNG/Stats/Icons/ink/enemy.star.start-supply.png,PNG/Stats/Nodes/enemy.star.start-supply__available.png,PNG/Stats/Nodes/enemy.star.start-supply__hover.png,PNG/Stats/Nodes/enemy.star.start-supply__purchased.png,PNG/Stats/Nodes/enemy.star.start-supply__locked.png
enemy.star.growth-supply,항성 레벨업 공급,항성 + 상승 계단·더하기,PNG/Stats/Icons/ink/enemy.star.growth-supply.png,PNG/Stats/Nodes/enemy.star.growth-supply__available.png,PNG/Stats/Nodes/enemy.star.growth-supply__hover.png,PNG/Stats/Nodes/enemy.star.growth-supply__purchased.png,PNG/Stats/Nodes/enemy.star.growth-supply__locked.png
enemy.comet.mass-level,혜성 질량 단계,혜성 + 높아지는 막대,PNG/Stats/Icons/ink/enemy.comet.mass-level.png,PNG/Stats/Nodes/enemy.comet.mass-level__available.png,PNG/Stats/Nodes/enemy.comet.mass-level__hover.png,PNG/Stats/Nodes/enemy.comet.mass-level__purchased.png,PNG/Stats/Nodes/enemy.comet.mass-level__locked.png
enemy.comet.start-supply,혜성 시작 공급,혜성 + 출발선·진입 화살표·더하기,PNG/Stats/Icons/ink/enemy.comet.start-supply.png,PNG/Stats/Nodes/enemy.comet.start-supply__available.png,PNG/Stats/Nodes/enemy.comet.start-supply__hover.png,PNG/Stats/Nodes/enemy.comet.start-supply__purchased.png,PNG/Stats/Nodes/enemy.comet.start-supply__locked.png
enemy.comet.growth-supply,혜성 레벨업 공급,혜성 + 상승 계단·더하기,PNG/Stats/Icons/ink/enemy.comet.growth-supply.png,PNG/Stats/Nodes/enemy.comet.growth-supply__available.png,PNG/Stats/Nodes/enemy.comet.growth-supply__hover.png,PNG/Stats/Nodes/enemy.comet.growth-supply__purchased.png,PNG/Stats/Nodes/enemy.comet.growth-supply__locked.png
enemy.comet.chance,혜성 등장 확률,혜성 + 퍼센트,PNG/Stats/Icons/ink/enemy.comet.chance.png,PNG/Stats/Nodes/enemy.comet.chance__available.png,PNG/Stats/Nodes/enemy.comet.chance__hover.png,PNG/Stats/Nodes/enemy.comet.chance__purchased.png,PNG/Stats/Nodes/enemy.comet.chance__locked.png
enemy.electric-asteroid.mass-level,전기 소행성 질량 단계,전기 소행성 + 높아지는 막대,PNG/Stats/Icons/ink/enemy.electric-asteroid.mass-level.png,PNG/Stats/Nodes/enemy.electric-asteroid.mass-level__available.png,PNG/Stats/Nodes/enemy.electric-asteroid.mass-level__hover.png,PNG/Stats/Nodes/enemy.electric-asteroid.mass-level__purchased.png,PNG/Stats/Nodes/enemy.electric-asteroid.mass-level__locked.png
enemy.electric-asteroid.start-supply,전기 소행성 시작 공급,전기 소행성 + 출발선·진입 화살표·더하기,PNG/Stats/Icons/ink/enemy.electric-asteroid.start-supply.png,PNG/Stats/Nodes/enemy.electric-asteroid.start-supply__available.png,PNG/Stats/Nodes/enemy.electric-asteroid.start-supply__hover.png,PNG/Stats/Nodes/enemy.electric-asteroid.start-supply__purchased.png,PNG/Stats/Nodes/enemy.electric-asteroid.start-supply__locked.png
enemy.electric-asteroid.growth-supply,전기 소행성 레벨업 공급,전기 소행성 + 상승 계단·더하기,PNG/Stats/Icons/ink/enemy.electric-asteroid.growth-supply.png,PNG/Stats/Nodes/enemy.electric-asteroid.growth-supply__available.png,PNG/Stats/Nodes/enemy.electric-asteroid.growth-supply__hover.png,PNG/Stats/Nodes/enemy.electric-asteroid.growth-supply__purchased.png,PNG/Stats/Nodes/enemy.electric-asteroid.growth-supply__locked.png
enemy.electric-asteroid.chance,전기 소행성 등장 확률,전기 소행성 + 퍼센트,PNG/Stats/Icons/ink/enemy.electric-asteroid.chance.png,PNG/Stats/Nodes/enemy.electric-asteroid.chance__available.png,PNG/Stats/Nodes/enemy.electric-asteroid.chance__hover.png,PNG/Stats/Nodes/enemy.electric-asteroid.chance__purchased.png,PNG/Stats/Nodes/enemy.electric-asteroid.chance__locked.png
enemy.supernova.mass-level,초신성 질량 단계,초신성 + 높아지는 막대,PNG/Stats/Icons/ink/enemy.supernova.mass-level.png,PNG/Stats/Nodes/enemy.supernova.mass-level__available.png,PNG/Stats/Nodes/enemy.supernova.mass-level__hover.png,PNG/Stats/Nodes/enemy.supernova.mass-level__purchased.png,PNG/Stats/Nodes/enemy.supernova.mass-level__locked.png
enemy.supernova.start-supply,초신성 시작 공급,초신성 + 출발선·진입 화살표·더하기,PNG/Stats/Icons/ink/enemy.supernova.start-supply.png,PNG/Stats/Nodes/enemy.supernova.start-supply__available.png,PNG/Stats/Nodes/enemy.supernova.start-supply__hover.png,PNG/Stats/Nodes/enemy.supernova.start-supply__purchased.png,PNG/Stats/Nodes/enemy.supernova.start-supply__locked.png
enemy.supernova.growth-supply,초신성 레벨업 공급,초신성 + 상승 계단·더하기,PNG/Stats/Icons/ink/enemy.supernova.growth-supply.png,PNG/Stats/Nodes/enemy.supernova.growth-supply__available.png,PNG/Stats/Nodes/enemy.supernova.growth-supply__hover.png,PNG/Stats/Nodes/enemy.supernova.growth-supply__purchased.png,PNG/Stats/Nodes/enemy.supernova.growth-supply__locked.png
enemy.supernova.chance,초신성 등장 확률,초신성 + 퍼센트,PNG/Stats/Icons/ink/enemy.supernova.chance.png,PNG/Stats/Nodes/enemy.supernova.chance__available.png,PNG/Stats/Nodes/enemy.supernova.chance__hover.png,PNG/Stats/Nodes/enemy.supernova.chance__purchased.png,PNG/Stats/Nodes/enemy.supernova.chance__locked.png
