NodeId,Rank,StatId,Value,단위,표시
timer-01,1,timer,2,Flat,+2
timer-02,1,timer,10,Flat,+10
timer-03,1,timer,10,Flat,+10
timer-04,1,timer,5,Flat,+5
growth.time-01,1,growth.time,3,Flat,+3
growth.asteroids-01,1,growth.asteroids,25,Percent,+25%
growth.asteroids-02,1,growth.asteroids,25,Percent,+25%
growth.asteroids-03,1,growth.asteroids,50,Percent,+50%
growth.planets-01,1,growth.planets,60,Percent,+60%
growth.planets-02,1,growth.planets,30,Percent,+30%
growth.stars-01,1,growth.stars,100,Percent,+100%
breaker.damage-01,1,breaker.damage,1,Flat,+1
breaker.damage-02,1,breaker.damage,1,Flat,+1
breaker.damage-03,1,breaker.damage,1,Flat,+1
breaker.damage-04,1,breaker.damage,1,Flat,+1
breaker.damage-05,1,breaker.damage,2,Flat,+2
breaker.damage-06,1,breaker.damage,3,Flat,+3
breaker.damage-07,1,breaker.damage,1,Flat,+1
breaker.damage-08,1,breaker.damage,3,Flat,+3
breaker.damage-09,1,breaker.damage,2,Flat,+2
breaker.damage-10,1,breaker.damage,2,Flat,+2
breaker.damage-11,1,breaker.damage,5,Flat,+5
breaker.damage-12,1,breaker.damage,15,Flat,+15
breaker.damage-13,1,breaker.damage,25,Flat,+25
breaker.damage-14,1,breaker.damage,65,Flat,+65
breaker.damage-15,1,breaker.damage,200,Flat,+200
breaker.damage-16,1,breaker.damage,200,Flat,+200
breaker.damage-17,1,breaker.damage,100,Flat,+100
breaker.damage-18,1,breaker.damage,100,Flat,+100
breaker.damage-19,1,breaker.damage,150,Flat,+150
breaker.damage-20,1,breaker.damage,150,Flat,+150
breaker.damage-21,1,breaker.damage,500,Flat,+500
breaker.damage-22,1,breaker.damage,200,Flat,+200
breaker.damage-23,1,breaker.damage,200,Flat,+200
breaker.damage-24,1,breaker.damage,350,Flat,+350
breaker.damage-25,1,breaker.damage,250,Flat,+250
breaker.damage-26,1,breaker.damage,250,Flat,+250
breaker.damage-27,1,breaker.damage,1400,Flat,+1400
breaker.damage-28,1,breaker.damage,500,Flat,+500
breaker.radius-01,1,breaker.radius,75,Percent,+75%
breaker.radius-02,1,breaker.radius,150,Percent,+150%
breaker.radius-03,1,breaker.radius,10,Percent,+10%
breaker.radius-04,1,breaker.radius,10,Percent,+10%
breaker.radius-05,1,breaker.radius,100,Percent,+100%
breaker.radius-06,1,breaker.radius,20,Percent,+20%
breaker.radius-07,1,breaker.radius,100,Percent,+100%
breaker.radius-08,1,breaker.radius,100,Percent,+100%
breaker.radius-09,1,breaker.radius,250,Percent,+250%
breaker.radius-10,1,breaker.radius,150,Percent,+150%
breaker.radius-11,1,breaker.radius,100,Percent,+100%
breaker.radius-12,1,breaker.radius,100,Percent,+100%
breaker.radius-13,1,breaker.radius,100,Percent,+100%
breaker.speed-01,1,breaker.speed,25,Percent,+25%
breaker.speed-02,1,breaker.speed,25,Percent,+25%
breaker.speed-03,1,breaker.speed,25,Percent,+25%
breaker.speed-04,1,breaker.speed,10,Percent,+10%
breaker.speed-05,1,breaker.speed,10,Percent,+10%
breaker.speed-06,1,breaker.speed,10,Percent,+10%
breaker.speed-07,1,breaker.speed,15,Percent,+15%
breaker.speed-08,1,breaker.speed,25,Percent,+25%
breaker.speed-09,1,breaker.speed,25,Percent,+25%
breaker.speed-10,1,breaker.speed,25,Percent,+25%
breaker.speed-11,1,breaker.speed,25,Percent,+25%
breaker.speed-12,1,breaker.speed,50,Percent,+50%
breaker.speed-12,2,breaker.speed,50,Percent,+50%
breaker.speed-12,3,breaker.speed,50,Percent,+50%
breaker.speed-12,4,breaker.speed,50,Percent,+50%
breaker.speed-12,5,breaker.speed,50,Percent,+50%
breaker.speed-12,6,breaker.speed,50,Percent,+50%
breaker.speed-12,7,breaker.speed,50,Percent,+50%
breaker.speed-12,8,breaker.speed,50,Percent,+50%
breaker.speed-12,9,breaker.speed,50,Percent,+50%
breaker.speed-12,10,breaker.speed,50,Percent,+50%
breaker.critChance-01,1,breaker.critChance,10,Percent,+10%
breaker.critChance-02,1,breaker.critChance,5,Percent,+5%
breaker.critChance-03,1,breaker.critChance,10,Percent,+10%
breaker.critChance-04,1,breaker.critChance,25,Percent,+25%
breaker.critChance-05,1,breaker.critChance,25,Percent,+25%
breaker.critBonus-01,1,breaker.critBonus,25,Percent,+25%
breaker.critBonus-02,1,breaker.critBonus,25,Percent,+25%
breaker.critBonus-03,1,breaker.critBonus,25,Percent,+25%
breaker.critBonus-04,1,breaker.critBonus,200,Percent,+200%
breaker.critBonus-05,1,breaker.critBonus,100,Percent,+100%
breaker.critBonus-05,2,breaker.critBonus,100,Percent,+100%
breaker.critBonus-05,3,breaker.critBonus,100,Percent,+100%
breaker.critBonus-05,4,breaker.critBonus,100,Percent,+100%
breaker.critBonus-05,5,breaker.critBonus,100,Percent,+100%
breaker.critBonus-05,6,breaker.critBonus,100,Percent,+100%
breaker.critBonus-05,7,breaker.critBonus,100,Percent,+100%
breaker.critBonus-05,8,breaker.critBonus,100,Percent,+100%
breaker.critBonus-05,9,breaker.critBonus,100,Percent,+100%
breaker.critBonus-05,10,breaker.critBonus,100,Percent,+100%
breaker.planetBonus-01,1,breaker.planetBonusDamage,60,Flat,+60
breaker.planetBonus-02,1,breaker.planetBonusDamage,30,Flat,+30
breaker.planetBonus-03,1,breaker.planetBonusDamage,60,Flat,+60
breaker.planetBonus-04,1,breaker.planetBonusDamage,400,Flat,+400
breaker.starBonus-01,1,breaker.starBonusDamage,1000,Flat,+1000
breaker.starBonus-02,1,breaker.starBonusDamage,2000,Flat,+2000
asteroid.count-01,1,asteroid.count,30,Flat,+30
asteroid.count-02,1,asteroid.count,55,Flat,+55
asteroid.count-03,1,asteroid.count,50,Flat,+50
asteroid.count-04,1,asteroid.count,60,Flat,+60
asteroid.count-05,1,asteroid.count,60,Flat,+60
asteroid.size-01,1,asteroid.size,1,Flat,+1
asteroid.size-02,1,asteroid.size,1,Flat,+1
asteroid.massScale-01,1,asteroid.massScale,40,Percent,+40%
asteroid.massScale-02,1,asteroid.massScale,50,Percent,+50%
asteroid.massScale-03,1,asteroid.massScale,50,Percent,+50%
asteroid.massScale-04,1,asteroid.massScale,50,Percent,+50%
asteroid.massScale-05,1,asteroid.massScale,70,Percent,+70%
asteroid.massScale-06,1,asteroid.massScale,50,Percent,+50%
asteroid.massScale-07,1,asteroid.massScale,50,Percent,+50%
asteroid.massScale-08,1,asteroid.massScale,50,Percent,+50%
asteroid.massScale-09,1,asteroid.massScale,150,Percent,+150%
asteroid.massScale-10,1,asteroid.massScale,300,Percent,+300%
asteroid.timeChance-01,1,asteroid.timeChance,5,Percent,+5%
asteroid.timeChance-02,1,asteroid.timeChance,5,Percent,+5%
asteroid.respawnChance-01,1,asteroid.respawnChance,30,Percent,+30%
asteroid.respawnChance-02,1,asteroid.respawnChance,40,Percent,+40%
asteroid.respawnChance-03,1,asteroid.respawnChance,5,Percent,+5%
asteroid.respawnChance-04,1,asteroid.respawnChance,13,Percent,+13%
asteroid.respawnChance-05,1,asteroid.respawnChance,13,Percent,+13%
asteroid.toPlanet-01,1,asteroid.toPlanet,52,Flat,+52
asteroid.toPlanet-02,1,asteroid.toPlanet,5,Flat,+5
asteroid.toPlanet-03,1,asteroid.toPlanet,5,Flat,+5
asteroid.toPlanet-04,1,asteroid.toPlanet,70,Flat,+70
asteroid.toPlanet-05,1,asteroid.toPlanet,10,Flat,+10
asteroid.toPlanet-05,2,asteroid.toPlanet,10,Flat,+10
asteroid.toPlanet-05,3,asteroid.toPlanet,10,Flat,+10
asteroid.toPlanet-05,4,asteroid.toPlanet,10,Flat,+10
asteroid.toPlanet-05,5,asteroid.toPlanet,10,Flat,+10
asteroid.toPlanet-05,6,asteroid.toPlanet,10,Flat,+10
asteroid.toPlanet-05,7,asteroid.toPlanet,10,Flat,+10
asteroid.toPlanet-05,8,asteroid.toPlanet,10,Flat,+10
asteroid.toPlanet-05,9,asteroid.toPlanet,10,Flat,+10
asteroid.toPlanet-05,10,asteroid.toPlanet,10,Flat,+10
planet.toStar-01,1,planet.toStar,10,Flat,+10
planet.toStar-02,1,planet.toStar,2,Flat,+2
planet.toStar-03,1,planet.toStar,5,Flat,+5
planet.toStar-04,1,planet.toStar,5,Flat,+5
planet.toStar-05,1,planet.toStar,11,Flat,+11
planet.toStar-06,1,planet.toStar,3,Flat,+3
planet.toStar-06,2,planet.toStar,3,Flat,+3
planet.toStar-06,3,planet.toStar,3,Flat,+3
planet.toStar-06,4,planet.toStar,3,Flat,+3
planet.toStar-06,5,planet.toStar,3,Flat,+3
planet.toStar-06,6,planet.toStar,3,Flat,+3
planet.toStar-06,7,planet.toStar,3,Flat,+3
planet.toStar-06,8,planet.toStar,3,Flat,+3
planet.toStar-06,9,planet.toStar,3,Flat,+3
planet.toStar-06,10,planet.toStar,3,Flat,+3
electricAsteroid.spawnChance-01,1,electricAsteroid.spawnChance,10,Percent,+10%
electricAsteroid.damage-01,1,electricAsteroid.damage,2,Flat,+2
electricAsteroid.damage-02,1,electricAsteroid.damage,3,Flat,+3
electricAsteroid.damage-03,1,electricAsteroid.damage,300,Flat,+300
electricAsteroid.critChance-01,1,electricAsteroid.critChance,20,Percent,+20%
electricAsteroid.critChance-02,1,electricAsteroid.critChance,20,Percent,+20%
electricAsteroid.chain-01,1,electricAsteroid.chain,1,Flat,+1
electricAsteroid.chain-02,1,electricAsteroid.chain,1,Flat,+1
electricAsteroid.splitChance-01,1,electricAsteroid.splitChance,20,Percent,+20%
electricAsteroid.splitChance-02,1,electricAsteroid.splitChance,20,Percent,+20%
electricAsteroid.critBonus-01,1,electricAsteroid.critBonus,25,Percent,+25%
electricAsteroid.critBonus-02,1,electricAsteroid.critBonus,100,Percent,+100%
goldenAsteroid.spawnChance-01,1,goldenAsteroid.spawnChance,10,Percent,+10%
goldenAsteroid.rewardScale-01,1,goldenAsteroid.rewardScale,75,Percent,+75%
goldenAsteroid.rewardScale-02,1,goldenAsteroid.rewardScale,125,Percent,+125%
goldenAsteroid.rewardScale-03,1,goldenAsteroid.rewardScale,15000,Percent,+15000%
goldenAsteroid.rewardScale-04,1,goldenAsteroid.rewardScale,15000,Percent,+15000%
goldenAsteroid.rewardScale-05,1,goldenAsteroid.rewardScale,30000,Percent,+30000%
goldenAsteroid.critChance-01,1,goldenAsteroid.critChance,10,Percent,+10%
goldenAsteroid.critChance-02,1,goldenAsteroid.critChance,15,Percent,+15%
goldenAsteroid.critChance-03,1,goldenAsteroid.critChance,35,Percent,+35%
goldenAsteroid.critRewardScale-01,1,goldenAsteroid.critRewardScale,100,Percent,+100%
goldenAsteroid.critRewardScale-02,1,goldenAsteroid.critRewardScale,100,Percent,+100%
goldenAsteroid.critRewardScale-03,1,goldenAsteroid.critRewardScale,300,Percent,+300%
goldenAsteroid.critRewardScale-04,1,goldenAsteroid.critRewardScale,300,Percent,+300%
moonPlanet.spawnChance-01,1,moonPlanet.spawnChance,20,Percent,+20%
moonPlanet.spawnChance-02,1,moonPlanet.spawnChance,10,Percent,+10%
moonPlanet.speedScale-01,1,moonPlanet.speedScale,20,Percent,+20%
moonPlanet.speedScale-02,1,moonPlanet.speedScale,20,Percent,+20%
moonPlanet.speedScale-03,1,moonPlanet.speedScale,10,Percent,+10%
moonPlanet.speedScale-04,1,moonPlanet.speedScale,100,Percent,+100%
moonPlanet.rangeScale-01,1,moonPlanet.rangeScale,20,Percent,+20%
moonPlanet.rangeScale-02,1,moonPlanet.rangeScale,20,Percent,+20%
moonPlanet.rangeScale-03,1,moonPlanet.rangeScale,10,Percent,+10%
moonPlanet.rangeScale-04,1,moonPlanet.rangeScale,20,Percent,+20%
moonPlanet.rangeScale-05,1,moonPlanet.rangeScale,10,Percent,+10%
moonPlanet.rangeScale-06,1,moonPlanet.rangeScale,50,Percent,+50%
moonPlanet.rangeScale-07,1,moonPlanet.rangeScale,50,Percent,+50%
moonPlanet.duration-01,1,moonPlanet.duration,1,Flat,+1
moonPlanet.duration-02,1,moonPlanet.duration,2,Flat,+2
moonPlanet.duration-03,1,moonPlanet.duration,1,Flat,+1
moonPlanet.duration-04,1,moonPlanet.duration,3,Flat,+3
moonPlanet.maxCount-01,1,moonPlanet.maxCount,5,Flat,+5
planet.size-01,1,planet.size,2,Flat,+2
planet.size-02,1,planet.size,1,Flat,+1
planet.respawnChance-01,1,planet.respawnChance,60,Percent,+60%
planet.respawnChance-02,1,planet.respawnChance,20,Percent,+20%
planet.respawnChance-03,1,planet.respawnChance,10,Percent,+10%
planet.respawnChance-04,1,planet.respawnChance,10,Percent,+10%
planet.massScale-01,1,planet.massScale,110,Percent,+110%
planet.massScale-02,1,planet.massScale,105,Percent,+105%
planet.massScale-03,1,planet.massScale,100,Percent,+100%
planet.massScale-04,1,planet.massScale,100,Percent,+100%
planet.massScale-05,1,planet.massScale,100,Percent,+100%
planet.massScale-06,1,planet.massScale,100,Percent,+100%
planet.massScale-07,1,planet.massScale,100,Percent,+100%
planet.massScale-08,1,planet.massScale,100,Percent,+100%
planet.timeChance-01,1,planet.timeChance,15,Percent,+15%
planet.timeChance-02,1,planet.timeChance,85,Percent,+85%
comet.spawnChance-01,1,comet.spawnChance,25,Percent,+25%
comet.spawnChance-02,1,comet.spawnChance,30,Percent,+30%
comet.spawnChance-03,1,comet.spawnChance,20,Percent,+20%
comet.spawnChance-04,1,comet.spawnChance,25,Percent,+25%
comet.duration-01,1,comet.duration,3,Flat,+3
comet.critBonus-01,1,comet.critBonus,50,Percent,+50%
comet.rainChance-01,1,comet.rainChance,1,Percent,+1%
comet.rainChance-02,1,comet.rainChance,10,Percent,+10%
comet.rainChance-03,1,comet.rainChance,20,Percent,+20%
comet.rainChance-04,1,comet.rainChance,50,Percent,+50%
star.respawnChance-01,1,star.respawnChance,50,Percent,+50%
star.respawnChance-02,1,star.respawnChance,20,Percent,+20%
star.respawnChance-03,1,star.respawnChance,15,Percent,+15%
star.respawnChance-04,1,star.respawnChance,15,Percent,+15%
star.timeChance-01,1,star.timeChance,50,Percent,+50%
star.timeChance-02,1,star.timeChance,50,Percent,+50%
star.size-01,1,star.size,1,Flat,+1
star.size-02,1,star.size,1,Flat,+1
star.size-03,1,star.size,1,Flat,+1
star.size-03,2,star.size,1,Flat,+1
star.size-03,3,star.size,1,Flat,+1
star.size-03,4,star.size,1,Flat,+1
star.size-03,5,star.size,1,Flat,+1
star.size-03,6,star.size,1,Flat,+1
star.size-03,7,star.size,1,Flat,+1
star.size-03,8,star.size,1,Flat,+1
star.size-03,9,star.size,1,Flat,+1
star.size-03,10,star.size,1,Flat,+1
star.massScale-01,1,star.massScale,30,Percent,+30%
star.massScale-02,1,star.massScale,75,Percent,+75%
star.massScale-03,1,star.massScale,50,Percent,+50%
star.massScale-04,1,star.massScale,125,Percent,+125%
star.massScale-05,1,star.massScale,75,Percent,+75%
star.massScale-06,1,star.massScale,50,Percent,+50%
star.massScale-07,1,star.massScale,50,Percent,+50%
star.massScale-08,1,star.massScale,75,Percent,+75%
star.massScale-09,1,star.massScale,150,Percent,+150%
star.massScale-10,1,star.massScale,3,Percent,+3%
star.massScale-10,2,star.massScale,3,Percent,+3%
star.massScale-10,3,star.massScale,3,Percent,+3%
star.massScale-10,4,star.massScale,3,Percent,+3%
star.massScale-10,5,star.massScale,3,Percent,+3%
star.massScale-10,6,star.massScale,3,Percent,+3%
star.massScale-10,7,star.massScale,3,Percent,+3%
star.massScale-10,8,star.massScale,3,Percent,+3%
star.massScale-10,9,star.massScale,3,Percent,+3%
star.massScale-10,10,star.massScale,3,Percent,+3%
electricStar.spawnChance-01,1,electricStar.spawnChance,10,Percent,+10%
electricStar.damage-01,1,electricStar.damage,500,Flat,+500
electricStar.damage-02,1,electricStar.damage,2000,Flat,+2000
electricStar.critChance-01,1,electricStar.critChance,20,Percent,+20%
electricStar.chain-01,1,electricStar.chain,1,Flat,+1
electricStar.chain-02,1,electricStar.chain,1,Flat,+1
electricStar.chain-03,1,electricStar.chain,5,Flat,+5
electricStar.splitChance-01,1,electricStar.splitChance,60,Percent,+60%
electricStar.splitChance-02,1,electricStar.splitChance,15,Percent,+15%
electricStar.splitChance-03,1,electricStar.splitChance,15,Percent,+15%
electricStar.critBonus-01,1,electricStar.critBonus,200,Percent,+200%
electricStar.critBonus-02,1,electricStar.critBonus,100,Percent,+100%
electricStar.critBonus-02,2,electricStar.critBonus,100,Percent,+100%
electricStar.critBonus-02,3,electricStar.critBonus,100,Percent,+100%
electricStar.critBonus-02,4,electricStar.critBonus,100,Percent,+100%
electricStar.critBonus-02,5,electricStar.critBonus,100,Percent,+100%
electricStar.critBonus-02,6,electricStar.critBonus,100,Percent,+100%
electricStar.critBonus-02,7,electricStar.critBonus,100,Percent,+100%
electricStar.critBonus-02,8,electricStar.critBonus,100,Percent,+100%
electricStar.critBonus-02,9,electricStar.critBonus,100,Percent,+100%
electricStar.critBonus-02,10,electricStar.critBonus,100,Percent,+100%
laserStar.spawnChance-01,1,laserStar.spawnChance,20,Percent,+20%
laserStar.width-01,1,laserStar.width,50,Percent,+50%
laserStar.width-02,1,laserStar.width,50,Percent,+50%
laserStar.width-03,1,laserStar.width,50,Percent,+50%
laserStar.width-04,1,laserStar.width,50,Percent,+50%
laserStar.width-05,1,laserStar.width,100,Percent,+100%
laserStar.width-06,1,laserStar.width,100,Percent,+100%
laserStar.width-07,1,laserStar.width,200,Percent,+200%
laserStar.width-08,1,laserStar.width,100,Percent,+100%
laserStar.width-09,1,laserStar.width,100,Percent,+100%
laserStar.width-10,1,laserStar.width,50,Percent,+50%
laserStar.width-10,2,laserStar.width,50,Percent,+50%
laserStar.width-10,3,laserStar.width,50,Percent,+50%
laserStar.width-10,4,laserStar.width,50,Percent,+50%
laserStar.width-10,5,laserStar.width,50,Percent,+50%
laserStar.width-10,6,laserStar.width,50,Percent,+50%
laserStar.width-10,7,laserStar.width,50,Percent,+50%
laserStar.width-10,8,laserStar.width,50,Percent,+50%
laserStar.width-10,9,laserStar.width,50,Percent,+50%
laserStar.width-10,10,laserStar.width,50,Percent,+50%
laserStar.critChance-01,1,laserStar.critChance,50,Percent,+50%
laserStar.damage-01,1,laserStar.damage,500,Flat,+500
laserStar.damage-02,1,laserStar.damage,600,Flat,+600
laserStar.damage-03,1,laserStar.damage,500,Flat,+500
laserStar.damage-04,1,laserStar.damage,500,Flat,+500
laserStar.damage-05,1,laserStar.damage,800,Flat,+800
laserStar.damage-06,1,laserStar.damage,4000,Flat,+4000
laserStar.critBonus-01,1,laserStar.critBonus,100,Percent,+100%
laserStar.critBonus-02,1,laserStar.critBonus,100,Percent,+100%
laserStar.critBonus-03,1,laserStar.critBonus,200,Percent,+200%
supernovaStar.range-01,1,supernovaStar.range,50,Percent,+50%
supernovaStar.range-02,1,supernovaStar.range,25,Percent,+25%
supernovaStar.range-03,1,supernovaStar.range,10,Percent,+10%
supernovaStar.range-04,1,supernovaStar.range,10,Percent,+10%
supernovaStar.hpDamage-01,1,supernovaStar.hpDamage,10,Percent,+10%
supernovaStar.hpDamage-02,1,supernovaStar.hpDamage,10,Percent,+10%
supernovaStar.hpDamage-03,1,supernovaStar.hpDamage,10,Percent,+10%
supernovaStar.hpDamage-04,1,supernovaStar.hpDamage,10,Percent,+10%
supernovaStar.hpDamage-05,1,supernovaStar.hpDamage,10,Percent,+10%
supernovaStar.hpDamage-06,1,supernovaStar.hpDamage,30,Percent,+30%
supernovaStar.spawnChance-01,1,supernovaStar.spawnChance,10,Percent,+10%