StatId,ValueType,Unit,DefaultValue,Aggregation,Min,Max,Enabled,Memo,원작 이름,원작 단위,원작 시작값,원작 노드 수,구현 상태,사용 노드 수,검사
timer,Float,Flat,12,Add,0,,TRUE,,세션 타이머,값,12,4,[4]업그레이드 경로 열기 필요,4,OK
growth.time,Float,Flat,0,Add,0,,TRUE,,블랙홀 성장 시 추가되는 시간,값,0,1,[2]동일한것,1,OK
growth.asteroids,Float,Percent,0,Add,0,,TRUE,,블랙홀 성장 시 생성되는 소행성 수,%,0,3,[5]구현필요,3,OK
growth.planets,Float,Percent,0,Add,0,,TRUE,,블랙홀 성장 시 생성되는 행성 수,%,0,2,[5]구현필요,2,OK
growth.stars,Float,Percent,0,Add,0,,TRUE,,블랙홀 성장 시 생성되는 별 수,%,0,1,[5]구현필요,1,OK
breaker.damage,Float,Flat,1,Add,0,,TRUE,,브레이커 피해,값,1,28,[2]동일한것,28,OK
breaker.radius,Float,Percent,100,Add,0,,TRUE,,브레이커 범위,%,100,13,[2]동일한것,13,OK
breaker.speed,Float,Percent,100,Add,0,,TRUE,,브레이커 속도,%,100,12,[2]동일한것,21,OK
breaker.critChance,Float,Percent,0,Add,0,100,TRUE,,브레이커 치명타 확률,%,0,5,[2]동일한것,5,OK
breaker.critBonus,Float,Percent,200,Add,0,,TRUE,,브레이커 치명타 보너스,%,200,5,[3]노드만 추가,14,OK
breaker.planetBonus,Float,Flat,0,Add,0,,TRUE,,행성에 대한 브레이커의 보너스 피해,값,0,4,[5]구현필요,4,OK
breaker.starBonus,Float,Flat,0,Add,0,,TRUE,,별에 대한 브레이커의 보너스 대미지,값,0,2,[5]구현필요,2,OK
asteroid.count,Int,Flat,20,Add,0,,TRUE,,소행성 수,값,20,5,[2]동일한것,5,OK
asteroid.size,Int,Flat,1,Add,0,,TRUE,,소행성 크기,값,1,2,[3]노드만 추가,2,OK
asteroid.massScale,Float,Percent,100,Add,0,,TRUE,,소행성 질량,%,100,10,[5]구현필요,10,OK
asteroid.timeChance,Float,Percent,0,Add,0,100,TRUE,,소행성이 파괴될 때 시간이 추가될 확률,%,0,2,[5]구현필요,2,OK
asteroid.respawnChance,Float,Percent,0,Add,0,100,TRUE,,소행성이 파괴될 때 새로운 소행성을 생성할 확률,%,0,5,[5]구현필요,5,OK
asteroid.toPlanet,Float,Flat,0,Add,0,,TRUE,,소행성을 행성으로 업그레이드,값,0,5,[5]구현필요,14,OK
planet.toStar,Float,Flat,0,Add,0,,TRUE,,행성을 별로 업그레이드,값,0,6,[5]구현필요,15,OK
electricAsteroid.spawnChance,Float,Percent,0,Add,0,100,TRUE,,전기 소행성 생성 확률,%,0,1,[2]동일한것,1,OK
electricAsteroid.damage,Float,Flat,1,Add,0,,TRUE,,전기 소행성 피해,값,1,3,[4]업그레이드 경로 열기 필요,3,OK
electricAsteroid.critChance,Float,Percent,0,Add,0,100,TRUE,,전기 소행성 치명타 확률,%,0,2,[4]업그레이드 경로 열기 필요,2,OK
electricAsteroid.chain,Int,Flat,3,Add,0,,TRUE,,전기 소행성 최대 연쇄,값,3,2,[4]업그레이드 경로 열기 필요,2,OK
electricAsteroid.splitChance,Float,Percent,0,Add,0,100,TRUE,,전기 소행성이 갈라질 확률,%,0,2,[4]업그레이드 경로 열기 필요,2,OK
electricAsteroid.critBonus,Float,Percent,200,Add,0,,TRUE,,전기 소행성 치명타 보너스,%,200,2,[4]업그레이드 경로 열기 필요,2,OK
goldenAsteroid.spawnChance,Float,Percent,0,Add,0,100,TRUE,,황금 소행성 생성 확률,%,0,1,[2]동일한것,1,OK
goldenAsteroid.rewardScale,Float,Percent,50,Add,0,,TRUE,,황금 소행성 보너스 돈 스케일,%,50,5,[2]동일한것,5,OK
goldenAsteroid.critChance,Float,Percent,0,Add,0,100,TRUE,,황금 소행성 치명타 확률,%,0,3,[5]구현필요,3,OK
goldenAsteroid.critRewardScale,Float,Percent,100,Add,0,,TRUE,,황금 소행성 보너스 치명타 돈 스케일,%,100,4,[5]구현필요,4,OK
moonPlanet.spawnChance,Float,Percent,0,Add,0,100,TRUE,,달 생성 확률,%,0,2,[2]동일한것,2,OK
moonPlanet.speedScale,Float,Percent,10,Add,0,,TRUE,,브레이커 속도에 대한 달 버프 스케일,%,10,4,[3]노드만 추가,4,OK
moonPlanet.rangeScale,Float,Percent,10,Add,0,,TRUE,,브레이커 범위에 대한 달 버프 스케일,%,10,7,[3]노드만 추가,7,OK
moonPlanet.duration,Float,Flat,3,Add,0,,TRUE,,달 버프 지속시간,값,3,4,[3]노드만 추가,4,OK
moonPlanet.maxCount,Int,Flat,10,Add,0,,TRUE,,달 최대 개수,값,10,1,[5]구현필요,1,OK
planet.size,Int,Flat,1,Add,0,,TRUE,,행성 크기,값,1,2,[3]노드만 추가,2,OK
planet.respawnChance,Float,Percent,0,Add,0,100,TRUE,,행성이 파괴될 때 새로운 행성을 생성할 확률,%,0,4,[5]구현필요,4,OK
planet.massScale,Float,Percent,0,Add,0,,TRUE,,행성 질량,%,0,8,[5]구현필요,8,OK
planet.timeChance,Float,Percent,0,Add,0,100,TRUE,,행성이 파괴될 때 시간이 추가될 확률,%,0,2,[5]구현필요,2,OK
comet.spawnChance,Float,Percent,0,Add,0,100,TRUE,,치명타 혜성 생성 확률,%,0,4,[2]동일한것,4,OK
comet.duration,Float,Flat,3,Add,0,,TRUE,,치명타 혜성 버프 지속시간,값,3,1,[3]노드만 추가,1,OK
comet.critBonus,Float,Percent,50,Add,0,,TRUE,,치명타 혜성 보너스 치명타 대미지,%,50,1,[3]노드만 추가,1,OK
comet.rainChance,Float,Percent,0,Add,0,100,TRUE,,혜성이 내릴 확률,%,0,4,[5]구현필요,4,OK
star.respawnChance,Float,Percent,0,Add,0,100,TRUE,,별이 파괴될 때 새로운 별을 생성할 확률,%,0,4,[5]구현필요,4,OK
star.timeChance,Float,Percent,0,Add,0,100,TRUE,,별이 파괴될 때 시간이 추가될 확률,%,0,2,[5]구현필요,2,OK
star.size,Int,Flat,1,Add,0,,TRUE,,별 크기,값,1,3,[3]노드만 추가,12,OK
star.massScale,Float,Percent,100,Add,0,,TRUE,,별 질량,%,100,10,[5]구현필요,19,OK
electricStar.spawnChance,Float,Percent,0,Add,0,100,TRUE,,전기 별 생성 확률,%,0,1,[3]노드만 추가,1,OK
electricStar.damage,Float,Flat,1800,Add,0,,TRUE,,전기 별 대미지,값,1800,2,[4]업그레이드 경로 열기 필요,2,OK
electricStar.critChance,Float,Percent,0,Add,0,100,TRUE,,전기 별 치명타 확률,%,0,1,[4]업그레이드 경로 열기 필요,1,OK
electricStar.chain,Int,Flat,5,Add,0,,TRUE,,전기 별 최대 연쇄,값,5,3,[4]업그레이드 경로 열기 필요,3,OK
electricStar.splitChance,Float,Percent,0,Add,0,100,TRUE,,전기 별 갈라질 확률,%,0,3,[4]업그레이드 경로 열기 필요,3,OK
electricStar.critBonus,Float,Percent,200,Add,0,,TRUE,,전기 별 치명타 보너스,%,200,2,[4]업그레이드 경로 열기 필요,11,OK
laserStar.spawnChance,Float,Percent,0,Add,0,100,TRUE,,레이저 별 생성 확률,%,0,1,[2]동일한것,1,OK
laserStar.width,Float,Percent,100,Add,0,,TRUE,,레이저 너비,%,100,10,[4]업그레이드 경로 열기 필요,19,OK
laserStar.critChance,Float,Percent,0,Add,0,100,TRUE,,레이저 치명타 확률,%,0,1,[4]업그레이드 경로 열기 필요,1,OK
laserStar.damage,Float,Flat,2000,Add,0,,TRUE,,레이저 대미지,값,2000,6,[4]업그레이드 경로 열기 필요,6,OK
laserStar.critBonus,Float,Percent,200,Add,0,,TRUE,,레이저 치명타 보너스,%,200,3,[4]업그레이드 경로 열기 필요,3,OK
supernovaStar.range,Float,Percent,100,Add,0,,TRUE,,슈퍼노바 범위,%,100,4,[4]업그레이드 경로 열기 필요,4,OK
supernovaStar.hpDamage,Float,Percent,20,Add,0,100,TRUE,,현재체력 비례 슈퍼노바 대미지,%,20,6,[5]구현필요,6,OK
supernovaStar.spawnChance,Float,Percent,0,Add,0,100,TRUE,,슈퍼노바 별 생성 확률,%,0,1,[2]동일한것,1,OK